engine,run,txn_index,latency_ms
crdb,1,0,3.578
crdb,1,1,3.805
crdb,1,2,2.870
crdb,1,3,3.157
crdb,1,4,4.046
crdb,1,5,2.434
crdb,1,6,2.701
crdb,1,7,2.591
crdb,1,8,2.590
crdb,1,9,2.491
crdb,1,10,2.837
crdb,1,11,3.371
crdb,1,12,3.217
crdb,1,13,3.438
crdb,1,14,4.030
crdb,1,15,3.238
crdb,1,16,4.063
crdb,1,17,3.799
crdb,1,18,3.725
crdb,1,19,4.237
crdb,1,20,3.918
crdb,1,21,4.101
crdb,1,22,4.618
crdb,1,23,16.536
crdb,1,24,5.252
crdb,1,25,4.530
crdb,1,26,4.912
crdb,1,27,5.070
crdb,1,28,4.907
crdb,1,29,4.520
crdb,1,30,5.442
crdb,1,31,4.880
crdb,1,32,4.701
crdb,1,33,4.719
crdb,1,34,4.686
crdb,1,35,4.975
crdb,1,36,5.056
crdb,1,37,4.489
crdb,1,38,4.700
crdb,1,39,4.522
crdb,1,40,4.224
crdb,1,41,4.205
crdb,1,42,4.309
crdb,1,43,4.066
crdb,1,44,4.842
crdb,1,45,3.850
crdb,1,46,4.620
crdb,1,47,4.648
crdb,1,48,4.207
crdb,1,49,5.573
crdb,1,50,5.169
crdb,1,51,3.626
crdb,1,52,3.025
crdb,1,53,3.729
crdb,1,54,3.816
crdb,1,55,4.007
crdb,1,56,3.538
crdb,1,57,4.129
crdb,1,58,3.571
crdb,1,59,4.142
crdb,1,60,4.358
crdb,1,61,4.353
crdb,1,62,4.115
crdb,1,63,4.038
crdb,1,64,4.249
crdb,1,65,4.060
crdb,1,66,3.245
crdb,1,67,3.523
crdb,1,68,4.478
crdb,1,69,3.931
crdb,1,70,4.086
crdb,1,71,4.055
crdb,1,72,4.210
crdb,1,73,3.922
crdb,1,74,4.078
crdb,1,75,4.711
crdb,1,76,5.022
crdb,1,77,5.013
crdb,1,78,4.429
crdb,1,79,4.534
crdb,1,80,3.986
crdb,1,81,4.079
crdb,1,82,4.604
crdb,1,83,5.044
crdb,1,84,4.689
crdb,1,85,4.355
crdb,1,86,3.798
crdb,1,87,3.890
crdb,1,88,4.403
crdb,1,89,4.226
crdb,1,90,4.447
crdb,1,91,4.631
crdb,1,92,4.933
crdb,1,93,4.482
crdb,1,94,3.184
crdb,1,95,3.839
crdb,1,96,4.202
crdb,1,97,4.829
crdb,1,98,4.028
crdb,1,99,4.197
crdb,1,100,5.248
crdb,1,101,3.780
crdb,1,102,4.140
crdb,1,103,4.420
crdb,1,104,3.462
crdb,1,105,3.012
crdb,1,106,2.872
crdb,1,107,3.910
crdb,1,108,4.071
crdb,1,109,3.823
crdb,1,110,4.294
crdb,1,111,4.252
crdb,1,112,4.652
crdb,1,113,4.340
crdb,1,114,4.129
crdb,1,115,3.761
crdb,1,116,4.332
crdb,1,117,3.852
crdb,1,118,4.487
crdb,1,119,3.995
crdb,1,120,4.722
crdb,1,121,4.437
crdb,1,122,4.506
crdb,1,123,3.877
crdb,1,124,4.480
crdb,1,125,4.596
crdb,1,126,4.467
crdb,1,127,4.670
crdb,1,128,4.287
crdb,1,129,4.270
crdb,1,130,4.471
crdb,1,131,4.435
crdb,1,132,4.340
crdb,1,133,4.793
crdb,1,134,4.399
crdb,1,135,3.541
crdb,1,136,3.294
crdb,1,137,3.142
crdb,1,138,3.008
crdb,1,139,3.580
crdb,1,140,3.984
crdb,1,141,3.955
crdb,1,142,3.824
crdb,1,143,4.202
crdb,1,144,3.751
crdb,1,145,2.770
crdb,1,146,3.624
crdb,1,147,3.987
crdb,1,148,3.980
crdb,1,149,3.915
crdb,1,150,3.941
crdb,1,151,4.241
crdb,1,152,4.036
crdb,1,153,4.574
crdb,1,154,5.104
crdb,1,155,3.384
crdb,1,156,3.947
crdb,1,157,4.090
crdb,1,158,3.653
crdb,1,159,5.062
crdb,1,160,3.831
crdb,1,161,3.924
crdb,1,162,3.915
crdb,1,163,4.227
crdb,1,164,4.500
crdb,1,165,3.626
crdb,1,166,4.223
crdb,1,167,4.513
crdb,1,168,3.657
crdb,1,169,3.504
crdb,1,170,4.395
crdb,1,171,4.498
crdb,1,172,4.188
crdb,1,173,3.538
crdb,1,174,3.988
crdb,1,175,4.088
crdb,1,176,4.918
crdb,1,177,4.433
crdb,1,178,4.243
crdb,1,179,4.774
crdb,1,180,4.517
crdb,1,181,4.020
crdb,1,182,3.224
crdb,1,183,3.416
crdb,1,184,4.499
crdb,1,185,3.938
crdb,1,186,3.252
crdb,1,187,3.657
crdb,1,188,4.109
crdb,1,189,3.618
crdb,1,190,3.547
crdb,1,191,3.446
crdb,1,192,3.685
crdb,1,193,3.376
crdb,1,194,4.175
crdb,1,195,3.801
crdb,1,196,3.522
crdb,1,197,2.055
crdb,1,198,2.766
crdb,1,199,2.817
crdb,2,0,13.265
crdb,2,1,6.041
crdb,2,2,3.829
crdb,2,3,4.276
crdb,2,4,2.400
crdb,2,5,2.213
crdb,2,6,2.770
crdb,2,7,3.615
crdb,2,8,3.559
crdb,2,9,3.399
crdb,2,10,2.263
crdb,2,11,2.528
crdb,2,12,2.591
crdb,2,13,3.103
crdb,2,14,2.234
crdb,2,15,2.427
crdb,2,16,2.357
crdb,2,17,2.696
crdb,2,18,2.956
crdb,2,19,3.319
crdb,2,20,3.413
crdb,2,21,3.242
crdb,2,22,2.635
crdb,2,23,3.198
crdb,2,24,3.167
crdb,2,25,3.151
crdb,2,26,2.265
crdb,2,27,2.561
crdb,2,28,2.858
crdb,2,29,2.959
crdb,2,30,2.729
crdb,2,31,3.101
crdb,2,32,2.780
crdb,2,33,2.870
crdb,2,34,3.048
crdb,2,35,3.447
crdb,2,36,3.405
crdb,2,37,3.564
crdb,2,38,3.064
crdb,2,39,3.143
crdb,2,40,3.258
crdb,2,41,4.021
crdb,2,42,21.856
crdb,2,43,5.859
crdb,2,44,4.713
crdb,2,45,4.343
crdb,2,46,4.611
crdb,2,47,4.533
crdb,2,48,5.109
crdb,2,49,4.187
crdb,2,50,4.347
crdb,2,51,4.831
crdb,2,52,5.171
crdb,2,53,5.337
crdb,2,54,4.943
crdb,2,55,4.252
crdb,2,56,4.328
crdb,2,57,3.810
crdb,2,58,3.846
crdb,2,59,4.304
crdb,2,60,4.939
crdb,2,61,4.418
crdb,2,62,5.077
crdb,2,63,4.269
crdb,2,64,3.931
crdb,2,65,4.137
crdb,2,66,3.686
crdb,2,67,3.899
crdb,2,68,3.833
crdb,2,69,4.145
crdb,2,70,3.983
crdb,2,71,4.008
crdb,2,72,3.434
crdb,2,73,3.422
crdb,2,74,3.364
crdb,2,75,4.211
crdb,2,76,3.355
crdb,2,77,3.909
crdb,2,78,3.194
crdb,2,79,2.762
crdb,2,80,3.117
crdb,2,81,4.431
crdb,2,82,4.121
crdb,2,83,3.625
crdb,2,84,3.730
crdb,2,85,3.826
crdb,2,86,3.975
crdb,2,87,4.209
crdb,2,88,3.580
crdb,2,89,3.605
crdb,2,90,4.574
crdb,2,91,4.075
crdb,2,92,3.821
crdb,2,93,3.317
crdb,2,94,3.963
crdb,2,95,4.361
crdb,2,96,5.682
crdb,2,97,3.813
crdb,2,98,4.099
crdb,2,99,3.712
crdb,2,100,3.016
crdb,2,101,3.983
crdb,2,102,3.431
crdb,2,103,4.543
crdb,2,104,3.711
crdb,2,105,3.363
crdb,2,106,2.688
crdb,2,107,2.493
crdb,2,108,3.315
crdb,2,109,3.143
crdb,2,110,2.850
crdb,2,111,3.516
crdb,2,112,3.897
crdb,2,113,4.227
crdb,2,114,4.620
crdb,2,115,4.123
crdb,2,116,4.293
crdb,2,117,3.479
crdb,2,118,3.101
crdb,2,119,2.264
crdb,2,120,2.364
crdb,2,121,18.180
crdb,2,122,2.242
crdb,2,123,2.399
crdb,2,124,2.328
crdb,2,125,2.718
crdb,2,126,3.449
crdb,2,127,2.611
crdb,2,128,2.670
crdb,2,129,1.971
crdb,2,130,2.246
crdb,2,131,2.343
crdb,2,132,2.468
crdb,2,133,2.285
crdb,2,134,2.548
crdb,2,135,2.716
crdb,2,136,2.522
crdb,2,137,2.050
crdb,2,138,2.552
crdb,2,139,2.373
crdb,2,140,2.375
crdb,2,141,1.965
crdb,2,142,2.346
crdb,2,143,2.709
crdb,2,144,2.699
crdb,2,145,3.071
crdb,2,146,2.931
crdb,2,147,2.932
crdb,2,148,3.265
crdb,2,149,3.409
crdb,2,150,3.039
crdb,2,151,2.624
crdb,2,152,2.674
crdb,2,153,3.358
crdb,2,154,3.582
crdb,2,155,3.624
crdb,2,156,2.813
crdb,2,157,2.832
crdb,2,158,3.313
crdb,2,159,2.590
crdb,2,160,3.329
crdb,2,161,3.474
crdb,2,162,3.335
crdb,2,163,3.248
crdb,2,164,3.414
crdb,2,165,3.572
crdb,2,166,3.837
crdb,2,167,3.663
crdb,2,168,4.869
crdb,2,169,4.127
crdb,2,170,4.226
crdb,2,171,4.004
crdb,2,172,4.691
crdb,2,173,3.982
crdb,2,174,3.536
crdb,2,175,4.338
crdb,2,176,4.219
crdb,2,177,4.725
crdb,2,178,4.478
crdb,2,179,8.667
crdb,2,180,4.065
crdb,2,181,4.498
crdb,2,182,5.042
crdb,2,183,5.078
crdb,2,184,4.939
crdb,2,185,4.914
crdb,2,186,5.002
crdb,2,187,4.741
crdb,2,188,3.977
crdb,2,189,4.103
crdb,2,190,4.316
crdb,2,191,4.716
crdb,2,192,4.405
crdb,2,193,4.366
crdb,2,194,2.885
crdb,2,195,3.163
crdb,2,196,3.520
crdb,2,197,3.689
crdb,2,198,4.352
crdb,2,199,3.771
crdb,3,0,5.874
crdb,3,1,5.156
crdb,3,2,5.402
crdb,3,3,5.393
crdb,3,4,4.416
crdb,3,5,4.427
crdb,3,6,4.338
crdb,3,7,4.105
crdb,3,8,3.759
crdb,3,9,4.092
crdb,3,10,3.654
crdb,3,11,3.560
crdb,3,12,4.422
crdb,3,13,4.516
crdb,3,14,4.550
crdb,3,15,4.207
crdb,3,16,4.553
crdb,3,17,4.926
crdb,3,18,3.623
crdb,3,19,4.426
crdb,3,20,4.689
crdb,3,21,4.600
crdb,3,22,4.302
crdb,3,23,4.479
crdb,3,24,4.720
crdb,3,25,4.356
crdb,3,26,4.047
crdb,3,27,4.206
crdb,3,28,4.172
crdb,3,29,3.702
crdb,3,30,3.994
crdb,3,31,3.711
crdb,3,32,3.330
crdb,3,33,2.950
crdb,3,34,3.058
crdb,3,35,3.059
crdb,3,36,2.843
crdb,3,37,2.614
crdb,3,38,2.530
crdb,3,39,2.041
crdb,3,40,3.094
crdb,3,41,2.885
crdb,3,42,2.926
crdb,3,43,3.097
crdb,3,44,3.272
crdb,3,45,3.633
crdb,3,46,3.459
crdb,3,47,2.800
crdb,3,48,3.500
crdb,3,49,3.603
crdb,3,50,2.901
crdb,3,51,2.131
crdb,3,52,2.830
crdb,3,53,3.587
crdb,3,54,4.104
crdb,3,55,3.443
crdb,3,56,3.328
crdb,3,57,4.124
crdb,3,58,4.561
crdb,3,59,3.734
crdb,3,60,3.724
crdb,3,61,3.312
crdb,3,62,3.603
crdb,3,63,3.765
crdb,3,64,3.219
crdb,3,65,3.374
crdb,3,66,3.481
crdb,3,67,3.939
crdb,3,68,3.290
crdb,3,69,2.729
crdb,3,70,2.398
crdb,3,71,2.556
crdb,3,72,2.652
crdb,3,73,1.986
crdb,3,74,2.518
crdb,3,75,2.988
crdb,3,76,2.665
crdb,3,77,3.398
crdb,3,78,3.090
crdb,3,79,2.611
crdb,3,80,3.237
crdb,3,81,2.834
crdb,3,82,3.225
crdb,3,83,3.041
crdb,3,84,3.102
crdb,3,85,2.619
crdb,3,86,2.729
crdb,3,87,2.658
crdb,3,88,2.038
crdb,3,89,2.417
crdb,3,90,2.888
crdb,3,91,2.853
crdb,3,92,2.365
crdb,3,93,2.910
crdb,3,94,3.011
crdb,3,95,3.015
crdb,3,96,3.750
crdb,3,97,3.248
crdb,3,98,4.023
crdb,3,99,3.943
crdb,3,100,3.263
crdb,3,101,4.042
crdb,3,102,4.083
crdb,3,103,4.633
crdb,3,104,3.517
crdb,3,105,3.236
crdb,3,106,3.647
crdb,3,107,2.820
crdb,3,108,4.065
crdb,3,109,4.226
crdb,3,110,3.345
crdb,3,111,4.275
crdb,3,112,3.942
crdb,3,113,3.603
crdb,3,114,3.624
crdb,3,115,3.643
crdb,3,116,4.065
crdb,3,117,4.679
crdb,3,118,4.005
crdb,3,119,4.560
crdb,3,120,4.617
crdb,3,121,3.546
crdb,3,122,4.102
crdb,3,123,3.775
crdb,3,124,3.702
crdb,3,125,3.182
crdb,3,126,3.288
crdb,3,127,3.665
crdb,3,128,3.425
crdb,3,129,3.278
crdb,3,130,3.769
crdb,3,131,3.503
crdb,3,132,2.919
crdb,3,133,3.678
crdb,3,134,3.503
crdb,3,135,3.382
crdb,3,136,3.446
crdb,3,137,3.599
crdb,3,138,3.107
crdb,3,139,3.740
crdb,3,140,3.833
crdb,3,141,3.901
crdb,3,142,3.492
crdb,3,143,3.344
crdb,3,144,3.639
crdb,3,145,3.883
crdb,3,146,4.206
crdb,3,147,4.462
crdb,3,148,4.405
crdb,3,149,3.681
crdb,3,150,2.906
crdb,3,151,3.223
crdb,3,152,3.546
crdb,3,153,4.356
crdb,3,154,3.572
crdb,3,155,3.699
crdb,3,156,2.798
crdb,3,157,2.997
crdb,3,158,2.896
crdb,3,159,2.838
crdb,3,160,2.553
crdb,3,161,3.010
crdb,3,162,3.135
crdb,3,163,3.584
crdb,3,164,3.071
crdb,3,165,3.420
crdb,3,166,3.202
crdb,3,167,3.927
crdb,3,168,4.676
crdb,3,169,3.725
crdb,3,170,4.478
crdb,3,171,3.844
crdb,3,172,3.405
crdb,3,173,3.777
crdb,3,174,4.041
crdb,3,175,4.368
crdb,3,176,3.432
crdb,3,177,3.032
crdb,3,178,3.508
crdb,3,179,3.930
crdb,3,180,4.196
crdb,3,181,3.453
crdb,3,182,4.538
crdb,3,183,3.707
crdb,3,184,3.556
crdb,3,185,3.422
crdb,3,186,4.606
crdb,3,187,3.792
crdb,3,188,4.150
crdb,3,189,3.463
crdb,3,190,3.646
crdb,3,191,4.238
crdb,3,192,4.252
crdb,3,193,3.471
crdb,3,194,3.572
crdb,3,195,3.853
crdb,3,196,3.973
crdb,3,197,3.326
crdb,3,198,3.693
crdb,3,199,4.348
tidb,1,0,5.698
tidb,1,1,5.207
tidb,1,2,6.369
tidb,1,3,6.252
tidb,1,4,5.814
tidb,1,5,5.950
tidb,1,6,6.590
tidb,1,7,6.212
tidb,1,8,6.322
tidb,1,9,6.337
tidb,1,10,6.218
tidb,1,11,6.338
tidb,1,12,4.654
tidb,1,13,4.826
tidb,1,14,5.221
tidb,1,15,6.058
tidb,1,16,6.370
tidb,1,17,6.495
tidb,1,18,6.304
tidb,1,19,6.264
tidb,1,20,6.812
tidb,1,21,6.399
tidb,1,22,6.195
tidb,1,23,6.668
tidb,1,24,6.291
tidb,1,25,6.163
tidb,1,26,6.080
tidb,1,27,6.785
tidb,1,28,6.521
tidb,1,29,7.161
tidb,1,30,6.792
tidb,1,31,6.419
tidb,1,32,6.834
tidb,1,33,6.852
tidb,1,34,6.213
tidb,1,35,6.320
tidb,1,36,6.159
tidb,1,37,6.821
tidb,1,38,6.627
tidb,1,39,6.623
tidb,1,40,6.586
tidb,1,41,6.228
tidb,1,42,6.117
tidb,1,43,6.379
tidb,1,44,6.251
tidb,1,45,7.073
tidb,1,46,6.937
tidb,1,47,6.746
tidb,1,48,6.516
tidb,1,49,6.587
tidb,1,50,6.445
tidb,1,51,6.708
tidb,1,52,5.743
tidb,1,53,3.653
tidb,1,54,3.498
tidb,1,55,3.769
tidb,1,56,4.145
tidb,1,57,5.641
tidb,1,58,4.750
tidb,1,59,3.683
tidb,1,60,4.004
tidb,1,61,3.659
tidb,1,62,3.510
tidb,1,63,3.531
tidb,1,64,3.895
tidb,1,65,3.868
tidb,1,66,3.667
tidb,1,67,3.684
tidb,1,68,3.580
tidb,1,69,3.847
tidb,1,70,3.776
tidb,1,71,3.832
tidb,1,72,3.682
tidb,1,73,3.815
tidb,1,74,3.803
tidb,1,75,3.563
tidb,1,76,3.453
tidb,1,77,3.539
tidb,1,78,3.383
tidb,1,79,3.291
tidb,1,80,3.324
tidb,1,81,3.733
tidb,1,82,4.669
tidb,1,83,5.269
tidb,1,84,5.116
tidb,1,85,5.555
tidb,1,86,6.022
tidb,1,87,6.025
tidb,1,88,6.188
tidb,1,89,6.118
tidb,1,90,6.184
tidb,1,91,6.268
tidb,1,92,6.832
tidb,1,93,6.815
tidb,1,94,6.801
tidb,1,95,6.069
tidb,1,96,6.525
tidb,1,97,6.670
tidb,1,98,6.377
tidb,1,99,6.531
tidb,1,100,6.407
tidb,1,101,6.819
tidb,1,102,6.862
tidb,1,103,4.859
tidb,1,104,5.625
tidb,1,105,6.076
tidb,1,106,5.883
tidb,1,107,6.746
tidb,1,108,6.525
tidb,1,109,6.288
tidb,1,110,6.643
tidb,1,111,6.373
tidb,1,112,6.336
tidb,1,113,6.557
tidb,1,114,6.430
tidb,1,115,6.892
tidb,1,116,6.975
tidb,1,117,7.059
tidb,1,118,6.637
tidb,1,119,6.888
tidb,1,120,6.025
tidb,1,121,6.551
tidb,1,122,7.327
tidb,1,123,6.954
tidb,1,124,6.089
tidb,1,125,6.657
tidb,1,126,6.485
tidb,1,127,5.558
tidb,1,128,4.202
tidb,1,129,3.941
tidb,1,130,3.515
tidb,1,131,3.769
tidb,1,132,3.595
tidb,1,133,3.785
tidb,1,134,4.168
tidb,1,135,4.504
tidb,1,136,4.716
tidb,1,137,4.732
tidb,1,138,4.585
tidb,1,139,4.697
tidb,1,140,5.140
tidb,1,141,5.038
tidb,1,142,6.363
tidb,1,143,6.338
tidb,1,144,6.752
tidb,1,145,6.196
tidb,1,146,6.763
tidb,1,147,7.627
tidb,1,148,6.453
tidb,1,149,6.328
tidb,1,150,7.339
tidb,1,151,6.927
tidb,1,152,6.717
tidb,1,153,5.566
tidb,1,154,5.745
tidb,1,155,5.396
tidb,1,156,5.468
tidb,1,157,5.917
tidb,1,158,7.021
tidb,1,159,6.408
tidb,1,160,6.735
tidb,1,161,26.136
tidb,1,162,7.427
tidb,1,163,6.851
tidb,1,164,6.822
tidb,1,165,7.292
tidb,1,166,6.944
tidb,1,167,5.460
tidb,1,168,6.504
tidb,1,169,7.396
tidb,1,170,7.160
tidb,1,171,6.914
tidb,1,172,6.944
tidb,1,173,6.376
tidb,1,174,7.221
tidb,1,175,7.108
tidb,1,176,6.666
tidb,1,177,7.404
tidb,1,178,6.756
tidb,1,179,7.022
tidb,1,180,7.063
tidb,1,181,6.020
tidb,1,182,6.975
tidb,1,183,6.722
tidb,1,184,6.898
tidb,1,185,6.406
tidb,1,186,6.653
tidb,1,187,6.937
tidb,1,188,7.255
tidb,1,189,6.518
tidb,1,190,6.661
tidb,1,191,6.942
tidb,1,192,6.830
tidb,1,193,7.169
tidb,1,194,6.869
tidb,1,195,7.024
tidb,1,196,6.432
tidb,1,197,6.026
tidb,1,198,6.323
tidb,1,199,6.936
tidb,2,0,18.335
tidb,2,1,7.418
tidb,2,2,6.144
tidb,2,3,6.282
tidb,2,4,5.938
tidb,2,5,6.484
tidb,2,6,4.990
tidb,2,7,3.702
tidb,2,8,3.786
tidb,2,9,3.507
tidb,2,10,3.767
tidb,2,11,3.393
tidb,2,12,3.660
tidb,2,13,3.451
tidb,2,14,3.118
tidb,2,15,3.464
tidb,2,16,3.761
tidb,2,17,4.415
tidb,2,18,4.666
tidb,2,19,5.296
tidb,2,20,5.767
tidb,2,21,5.157
tidb,2,22,5.550
tidb,2,23,5.877
tidb,2,24,6.083
tidb,2,25,6.836
tidb,2,26,7.447
tidb,2,27,6.910
tidb,2,28,6.591
tidb,2,29,6.783
tidb,2,30,7.270
tidb,2,31,7.046
tidb,2,32,6.804
tidb,2,33,7.363
tidb,2,34,7.295
tidb,2,35,6.859
tidb,2,36,6.528
tidb,2,37,6.163
tidb,2,38,6.190
tidb,2,39,6.244
tidb,2,40,6.401
tidb,2,41,6.862
tidb,2,42,7.078
tidb,2,43,7.448
tidb,2,44,6.270
tidb,2,45,6.128
tidb,2,46,6.353
tidb,2,47,5.917
tidb,2,48,6.687
tidb,2,49,6.495
tidb,2,50,6.601
tidb,2,51,6.813
tidb,2,52,7.068
tidb,2,53,5.315
tidb,2,54,5.455
tidb,2,55,5.451
tidb,2,56,5.480
tidb,2,57,5.937
tidb,2,58,6.117
tidb,2,59,6.285
tidb,2,60,6.660
tidb,2,61,6.890
tidb,2,62,7.386
tidb,2,63,6.997
tidb,2,64,7.009
tidb,2,65,6.540
tidb,2,66,7.013
tidb,2,67,6.506
tidb,2,68,6.722
tidb,2,69,7.057
tidb,2,70,5.759
tidb,2,71,5.722
tidb,2,72,5.607
tidb,2,73,3.770
tidb,2,74,4.093
tidb,2,75,4.805
tidb,2,76,5.486
tidb,2,77,6.230
tidb,2,78,6.373
tidb,2,79,6.324
tidb,2,80,5.588
tidb,2,81,5.970
tidb,2,82,6.161
tidb,2,83,6.387
tidb,2,84,5.364
tidb,2,85,5.914
tidb,2,86,6.210
tidb,2,87,6.522
tidb,2,88,6.695
tidb,2,89,6.290
tidb,2,90,6.314
tidb,2,91,6.545
tidb,2,92,6.144
tidb,2,93,6.301
tidb,2,94,6.771
tidb,2,95,7.083
tidb,2,96,6.741
tidb,2,97,7.711
tidb,2,98,5.436
tidb,2,99,4.675
tidb,2,100,5.294
tidb,2,101,5.374
tidb,2,102,6.431
tidb,2,103,6.603
tidb,2,104,5.043
tidb,2,105,5.271
tidb,2,106,5.804
tidb,2,107,5.905
tidb,2,108,6.514
tidb,2,109,6.372
tidb,2,110,6.825
tidb,2,111,6.426
tidb,2,112,6.908
tidb,2,113,7.034
tidb,2,114,7.001
tidb,2,115,6.893
tidb,2,116,6.555
tidb,2,117,6.593
tidb,2,118,6.069
tidb,2,119,6.510
tidb,2,120,6.286
tidb,2,121,5.383
tidb,2,122,5.954
tidb,2,123,6.588
tidb,2,124,6.927
tidb,2,125,6.563
tidb,2,126,6.279
tidb,2,127,6.240
tidb,2,128,6.712
tidb,2,129,6.132
tidb,2,130,6.349
tidb,2,131,6.333
tidb,2,132,6.736
tidb,2,133,6.467
tidb,2,134,6.851
tidb,2,135,6.617
tidb,2,136,6.952
tidb,2,137,7.314
tidb,2,138,6.958
tidb,2,139,6.473
tidb,2,140,11.934
tidb,2,141,7.479
tidb,2,142,6.992
tidb,2,143,5.687
tidb,2,144,5.720
tidb,2,145,6.571
tidb,2,146,5.972
tidb,2,147,6.530
tidb,2,148,6.300
tidb,2,149,6.573
tidb,2,150,7.047
tidb,2,151,6.418
tidb,2,152,6.950
tidb,2,153,7.453
tidb,2,154,6.913
tidb,2,155,6.423
tidb,2,156,6.322
tidb,2,157,6.560
tidb,2,158,6.556
tidb,2,159,6.579
tidb,2,160,7.044
tidb,2,161,6.306
tidb,2,162,6.928
tidb,2,163,7.024
tidb,2,164,7.091
tidb,2,165,7.281
tidb,2,166,5.517
tidb,2,167,6.153
tidb,2,168,6.498
tidb,2,169,6.701
tidb,2,170,6.867
tidb,2,171,5.614
tidb,2,172,4.678
tidb,2,173,3.765
tidb,2,174,3.866
tidb,2,175,4.723
tidb,2,176,5.168
tidb,2,177,5.430
tidb,2,178,6.543
tidb,2,179,6.562
tidb,2,180,6.529
tidb,2,181,6.775
tidb,2,182,7.206
tidb,2,183,5.888
tidb,2,184,3.456
tidb,2,185,3.751
tidb,2,186,3.757
tidb,2,187,3.721
tidb,2,188,3.711
tidb,2,189,10.193
tidb,2,190,4.448
tidb,2,191,4.047
tidb,2,192,3.090
tidb,2,193,3.905
tidb,2,194,3.897
tidb,2,195,3.872
tidb,2,196,3.854
tidb,2,197,4.266
tidb,2,198,4.855
tidb,2,199,5.046
tidb,3,0,17.469
tidb,3,1,7.623
tidb,3,2,6.561
tidb,3,3,6.552
tidb,3,4,7.047
tidb,3,5,6.837
tidb,3,6,6.038
tidb,3,7,6.569
tidb,3,8,6.255
tidb,3,9,6.315
tidb,3,10,6.590
tidb,3,11,6.572
tidb,3,12,5.956
tidb,3,13,6.658
tidb,3,14,5.837
tidb,3,15,6.240
tidb,3,16,6.852
tidb,3,17,5.992
tidb,3,18,6.515
tidb,3,19,5.931
tidb,3,20,6.394
tidb,3,21,6.763
tidb,3,22,6.476
tidb,3,23,6.320
tidb,3,24,6.277
tidb,3,25,6.411
tidb,3,26,6.294
tidb,3,27,6.260
tidb,3,28,6.379
tidb,3,29,6.302
tidb,3,30,6.518
tidb,3,31,6.461
tidb,3,32,6.242
tidb,3,33,7.134
tidb,3,34,6.501
tidb,3,35,6.941
tidb,3,36,6.292
tidb,3,37,6.221
tidb,3,38,6.864
tidb,3,39,5.423
tidb,3,40,6.834
tidb,3,41,6.546
tidb,3,42,6.933
tidb,3,43,7.196
tidb,3,44,6.575
tidb,3,45,6.259
tidb,3,46,6.254
tidb,3,47,6.551
tidb,3,48,6.544
tidb,3,49,6.586
tidb,3,50,6.334
tidb,3,51,6.333
tidb,3,52,6.158
tidb,3,53,5.599
tidb,3,54,5.476
tidb,3,55,5.267
tidb,3,56,5.847
tidb,3,57,6.010
tidb,3,58,3.828
tidb,3,59,3.575
tidb,3,60,3.728
tidb,3,61,4.530
tidb,3,62,4.839
tidb,3,63,5.052
tidb,3,64,5.486
tidb,3,65,5.625
tidb,3,66,5.623
tidb,3,67,6.219
tidb,3,68,6.146
tidb,3,69,6.393
tidb,3,70,6.555
tidb,3,71,6.391
tidb,3,72,7.628
tidb,3,73,9.840
tidb,3,74,3.580
tidb,3,75,3.759
tidb,3,76,3.960
tidb,3,77,4.794
tidb,3,78,5.020
tidb,3,79,5.193
tidb,3,80,5.754
tidb,3,81,6.365
tidb,3,82,6.300
tidb,3,83,6.677
tidb,3,84,6.253
tidb,3,85,6.436
tidb,3,86,6.246
tidb,3,87,6.474
tidb,3,88,6.579
tidb,3,89,6.750
tidb,3,90,6.695
tidb,3,91,6.795
tidb,3,92,6.851
tidb,3,93,6.904
tidb,3,94,6.761
tidb,3,95,6.780
tidb,3,96,7.381
tidb,3,97,6.209
tidb,3,98,6.463
tidb,3,99,5.972
tidb,3,100,6.563
tidb,3,101,6.641
tidb,3,102,7.600
tidb,3,103,6.058
tidb,3,104,6.212
tidb,3,105,6.494
tidb,3,106,6.849
tidb,3,107,6.337
tidb,3,108,5.021
tidb,3,109,4.479
tidb,3,110,5.531
tidb,3,111,6.036
tidb,3,112,6.224
tidb,3,113,6.504
tidb,3,114,6.160
tidb,3,115,6.478
tidb,3,116,6.086
tidb,3,117,5.967
tidb,3,118,6.498
tidb,3,119,6.098
tidb,3,120,7.207
tidb,3,121,5.886
tidb,3,122,6.119
tidb,3,123,6.629
tidb,3,124,6.514
tidb,3,125,6.370
tidb,3,126,6.518
tidb,3,127,6.805
tidb,3,128,6.916
tidb,3,129,6.984
tidb,3,130,6.436
tidb,3,131,6.511
tidb,3,132,6.073
tidb,3,133,6.296
tidb,3,134,6.862
tidb,3,135,6.414
tidb,3,136,6.678
tidb,3,137,6.736
tidb,3,138,6.160
tidb,3,139,6.334
tidb,3,140,7.022
tidb,3,141,6.923
tidb,3,142,6.733
tidb,3,143,6.778
tidb,3,144,5.842
tidb,3,145,6.435
tidb,3,146,7.181
tidb,3,147,6.378
tidb,3,148,6.651
tidb,3,149,6.622
tidb,3,150,6.549
tidb,3,151,6.701
tidb,3,152,7.545
tidb,3,153,4.752
tidb,3,154,4.933
tidb,3,155,7.416
tidb,3,156,13.741
tidb,3,157,7.257
tidb,3,158,7.250
tidb,3,159,6.816
tidb,3,160,6.966
tidb,3,161,6.560
tidb,3,162,6.543
tidb,3,163,6.892
tidb,3,164,6.935
tidb,3,165,7.022
tidb,3,166,6.843
tidb,3,167,6.424
tidb,3,168,6.568
tidb,3,169,7.133
tidb,3,170,6.723
tidb,3,171,6.642
tidb,3,172,6.562
tidb,3,173,6.407
tidb,3,174,6.132
tidb,3,175,6.298
tidb,3,176,5.840
tidb,3,177,6.178
tidb,3,178,6.216
tidb,3,179,6.144
tidb,3,180,6.619
tidb,3,181,6.791
tidb,3,182,6.763
tidb,3,183,6.453
tidb,3,184,6.532
tidb,3,185,6.816
tidb,3,186,6.721
tidb,3,187,6.698
tidb,3,188,6.660
tidb,3,189,6.082
tidb,3,190,5.400
tidb,3,191,5.348
tidb,3,192,5.176
tidb,3,193,5.860
tidb,3,194,6.926
tidb,3,195,6.314
tidb,3,196,6.105
tidb,3,197,6.940
tidb,3,198,7.190
tidb,3,199,6.870
spanner,1,0,43.843
spanner,1,1,25.288
spanner,1,2,12.679
spanner,1,3,12.693
spanner,1,4,12.081
spanner,1,5,15.143
spanner,1,6,8.872
spanner,1,7,9.044
spanner,1,8,9.879
spanner,1,9,10.133
spanner,1,10,12.501
spanner,1,11,12.764
spanner,1,12,13.106
spanner,1,13,13.526
spanner,1,14,12.534
spanner,1,15,13.515
spanner,1,16,12.048
spanner,1,17,11.740
spanner,1,18,10.032
spanner,1,19,7.808
spanner,1,20,6.375
spanner,1,21,6.161
spanner,1,22,7.335
spanner,1,23,9.263
spanner,1,24,9.572
spanner,1,25,10.450
spanner,1,26,10.002
spanner,1,27,10.919
spanner,1,28,9.287
spanner,1,29,9.506
spanner,1,30,6.711
spanner,1,31,7.861
spanner,1,32,8.961
spanner,1,33,9.572
spanner,1,34,10.494
spanner,1,35,10.358
spanner,1,36,9.013
spanner,1,37,10.424
spanner,1,38,9.256
spanner,1,39,8.942
spanner,1,40,10.089
spanner,1,41,10.917
spanner,1,42,10.259
spanner,1,43,9.789
spanner,1,44,9.507
spanner,1,45,8.662
spanner,1,46,10.121
spanner,1,47,9.977
spanner,1,48,10.380
spanner,1,49,10.190
spanner,1,50,10.230
spanner,1,51,13.787
spanner,1,52,12.049
spanner,1,53,10.741
spanner,1,54,11.503
spanner,1,55,11.149
spanner,1,56,10.581
spanner,1,57,11.264
spanner,1,58,11.279
spanner,1,59,10.185
spanner,1,60,11.469
spanner,1,61,8.987
spanner,1,62,9.408
spanner,1,63,9.448
spanner,1,64,9.483
spanner,1,65,9.955
spanner,1,66,9.650
spanner,1,67,8.389
spanner,1,68,10.027
spanner,1,69,9.476
spanner,1,70,10.415
spanner,1,71,10.365
spanner,1,72,9.204
spanner,1,73,9.015
spanner,1,74,9.371
spanner,1,75,10.230
spanner,1,76,9.471
spanner,1,77,10.736
spanner,1,78,8.520
spanner,1,79,8.942
spanner,1,80,8.856
spanner,1,81,10.142
spanner,1,82,10.252
spanner,1,83,11.030
spanner,1,84,10.470
spanner,1,85,10.301
spanner,1,86,10.565
spanner,1,87,10.457
spanner,1,88,10.139
spanner,1,89,11.328
spanner,1,90,9.078
spanner,1,91,9.895
spanner,1,92,10.860
spanner,1,93,9.846
spanner,1,94,11.643
spanner,1,95,10.294
spanner,1,96,9.414
spanner,1,97,10.233
spanner,1,98,11.305
spanner,1,99,10.872
spanner,1,100,9.518
spanner,1,101,10.986
spanner,1,102,8.315
spanner,1,103,9.224
spanner,1,104,10.324
spanner,1,105,10.548
spanner,1,106,9.801
spanner,1,107,11.027
spanner,1,108,10.509
spanner,1,109,10.641
spanner,1,110,8.780
spanner,1,111,8.187
spanner,1,112,6.844
spanner,1,113,6.859
spanner,1,114,7.684
spanner,1,115,8.735
spanner,1,116,7.420
spanner,1,117,6.996
spanner,1,118,7.071
spanner,1,119,6.770
spanner,1,120,7.163
spanner,1,121,7.796
spanner,1,122,8.698
spanner,1,123,10.601
spanner,1,124,11.373
spanner,1,125,10.807
spanner,1,126,10.915
spanner,1,127,11.670
spanner,1,128,11.081
spanner,1,129,12.803
spanner,1,130,10.893
spanner,1,131,10.515
spanner,1,132,11.830
spanner,1,133,10.714
spanner,1,134,9.523
spanner,1,135,8.153
spanner,1,136,10.161
spanner,1,137,11.418
spanner,1,138,11.549
spanner,1,139,10.316
spanner,1,140,11.576
spanner,1,141,12.349
spanner,1,142,9.487
spanner,1,143,8.540
spanner,1,144,10.285
spanner,1,145,10.826
spanner,1,146,9.969
spanner,1,147,10.067
spanner,1,148,10.671
spanner,1,149,11.645
spanner,1,150,9.804
spanner,1,151,12.448
spanner,1,152,11.906
spanner,1,153,11.334
spanner,1,154,12.531
spanner,1,155,12.951
spanner,1,156,12.243
spanner,1,157,11.636
spanner,1,158,12.117
spanner,1,159,12.325
spanner,1,160,11.004
spanner,1,161,11.947
spanner,1,162,12.948
spanner,1,163,12.769
spanner,1,164,11.298
spanner,1,165,11.149
spanner,1,166,11.025
spanner,1,167,9.773
spanner,1,168,11.499
spanner,1,169,12.768
spanner,1,170,11.233
spanner,1,171,9.766
spanner,1,172,8.892
spanner,1,173,9.975
spanner,1,174,9.895
spanner,1,175,8.627
spanner,1,176,10.093
spanner,1,177,9.947
spanner,1,178,12.267
spanner,1,179,11.637
spanner,1,180,11.628
spanner,1,181,11.737
spanner,1,182,11.259
spanner,1,183,12.510
spanner,1,184,11.970
spanner,1,185,9.692
spanner,1,186,7.904
spanner,1,187,8.099
spanner,1,188,7.678
spanner,1,189,8.626
spanner,1,190,11.311
spanner,1,191,11.820
spanner,1,192,10.553
spanner,1,193,11.671
spanner,1,194,11.956
spanner,1,195,12.964
spanner,1,196,11.455
spanner,1,197,11.966
spanner,1,198,12.662
spanner,1,199,12.439
spanner,2,0,34.309
spanner,2,1,13.385
spanner,2,2,12.400
spanner,2,3,9.604
spanner,2,4,8.246
spanner,2,5,8.394
spanner,2,6,7.737
spanner,2,7,8.487
spanner,2,8,8.417
spanner,2,9,10.236
spanner,2,10,10.649
spanner,2,11,11.517
spanner,2,12,11.405
spanner,2,13,10.462
spanner,2,14,11.375
spanner,2,15,10.217
spanner,2,16,8.703
spanner,2,17,8.090
spanner,2,18,8.181
spanner,2,19,10.456
spanner,2,20,9.713
spanner,2,21,10.748
spanner,2,22,11.300
spanner,2,23,8.558
spanner,2,24,8.256
spanner,2,25,9.658
spanner,2,26,8.514
spanner,2,27,9.430
spanner,2,28,8.974
spanner,2,29,9.172
spanner,2,30,8.895
spanner,2,31,8.256
spanner,2,32,8.448
spanner,2,33,9.321
spanner,2,34,10.926
spanner,2,35,10.610
spanner,2,36,11.212
spanner,2,37,11.594
spanner,2,38,11.982
spanner,2,39,11.767
spanner,2,40,10.572
spanner,2,41,9.513
spanner,2,42,9.854
spanner,2,43,10.411
spanner,2,44,10.128
spanner,2,45,9.794
spanner,2,46,10.404
spanner,2,47,10.169
spanner,2,48,10.514
spanner,2,49,11.379
spanner,2,50,11.855
spanner,2,51,12.845
spanner,2,52,12.404
spanner,2,53,12.458
spanner,2,54,11.831
spanner,2,55,12.055
spanner,2,56,12.210
spanner,2,57,11.810
spanner,2,58,12.600
spanner,2,59,10.529
spanner,2,60,9.621
spanner,2,61,10.675
spanner,2,62,12.389
spanner,2,63,12.778
spanner,2,64,12.110
spanner,2,65,12.470
spanner,2,66,12.066
spanner,2,67,12.737
spanner,2,68,12.476
spanner,2,69,12.446
spanner,2,70,14.478
spanner,2,71,12.370
spanner,2,72,11.231
spanner,2,73,12.920
spanner,2,74,12.877
spanner,2,75,12.393
spanner,2,76,13.429
spanner,2,77,11.239
spanner,2,78,9.996
spanner,2,79,10.499
spanner,2,80,12.495
spanner,2,81,12.297
spanner,2,82,13.491
spanner,2,83,11.833
spanner,2,84,10.881
spanner,2,85,9.365
spanner,2,86,6.648
spanner,2,87,6.041
spanner,2,88,5.526
spanner,2,89,5.961
spanner,2,90,6.090
spanner,2,91,5.997
spanner,2,92,6.081
spanner,2,93,5.780
spanner,2,94,6.241
spanner,2,95,6.186
spanner,2,96,6.056
spanner,2,97,6.038
spanner,2,98,5.842
spanner,2,99,6.249
spanner,2,100,5.925
spanner,2,101,5.967
spanner,2,102,9.929
spanner,2,103,6.451
spanner,2,104,6.305
spanner,2,105,6.214
spanner,2,106,5.793
spanner,2,107,5.938
spanner,2,108,5.405
spanner,2,109,6.092
spanner,2,110,5.847
spanner,2,111,5.971
spanner,2,112,5.825
spanner,2,113,6.108
spanner,2,114,5.633
spanner,2,115,5.204
spanner,2,116,6.165
spanner,2,117,8.465
spanner,2,118,8.781
spanner,2,119,8.678
spanner,2,120,9.547
spanner,2,121,9.720
spanner,2,122,8.371
spanner,2,123,9.228
spanner,2,124,9.256
spanner,2,125,9.682
spanner,2,126,9.903
spanner,2,127,9.093
spanner,2,128,7.285
spanner,2,129,6.067
spanner,2,130,6.677
spanner,2,131,5.941
spanner,2,132,6.152
spanner,2,133,5.613
spanner,2,134,6.527
spanner,2,135,9.343
spanner,2,136,10.593
spanner,2,137,8.199
spanner,2,138,6.680
spanner,2,139,8.077
spanner,2,140,10.027
spanner,2,141,9.640
spanner,2,142,9.913
spanner,2,143,9.473
spanner,2,144,8.222
spanner,2,145,7.771
spanner,2,146,8.412
spanner,2,147,7.983
spanner,2,148,7.345
spanner,2,149,7.509
spanner,2,150,8.400
spanner,2,151,12.399
spanner,2,152,9.985
spanner,2,153,9.167
spanner,2,154,7.973
spanner,2,155,9.844
spanner,2,156,10.229
spanner,2,157,9.849
spanner,2,158,10.554
spanner,2,159,10.615
spanner,2,160,9.892
spanner,2,161,6.950
spanner,2,162,6.558
spanner,2,163,6.488
spanner,2,164,9.315
spanner,2,165,8.301
spanner,2,166,9.694
spanner,2,167,8.992
spanner,2,168,9.037
spanner,2,169,9.174
spanner,2,170,8.409
spanner,2,171,7.855
spanner,2,172,8.219
spanner,2,173,9.737
spanner,2,174,9.997
spanner,2,175,10.132
spanner,2,176,9.965
spanner,2,177,10.218
spanner,2,178,9.904
spanner,2,179,9.965
spanner,2,180,8.100
spanner,2,181,7.539
spanner,2,182,6.689
spanner,2,183,6.360
spanner,2,184,5.876
spanner,2,185,6.870
spanner,2,186,6.149
spanner,2,187,6.046
spanner,2,188,6.831
spanner,2,189,9.297
spanner,2,190,7.712
spanner,2,191,7.554
spanner,2,192,7.453
spanner,2,193,7.374
spanner,2,194,7.290
spanner,2,195,7.305
spanner,2,196,8.223
spanner,2,197,10.307
spanner,2,198,11.395
spanner,2,199,9.005
spanner,3,0,15.484
spanner,3,1,12.906
spanner,3,2,10.998
spanner,3,3,10.307
spanner,3,4,8.702
spanner,3,5,9.021
spanner,3,6,11.082
spanner,3,7,10.736
spanner,3,8,10.550
spanner,3,9,9.952
spanner,3,10,9.914
spanner,3,11,10.313
spanner,3,12,10.057
spanner,3,13,9.953
spanner,3,14,9.997
spanner,3,15,10.302
spanner,3,16,11.084
spanner,3,17,10.918
spanner,3,18,11.152
spanner,3,19,10.460
spanner,3,20,9.873
spanner,3,21,9.451
spanner,3,22,9.460
spanner,3,23,8.902
spanner,3,24,8.908
spanner,3,25,11.216
spanner,3,26,12.105
spanner,3,27,10.827
spanner,3,28,11.443
spanner,3,29,10.253
spanner,3,30,9.137
spanner,3,31,7.211
spanner,3,32,8.489
spanner,3,33,8.196
spanner,3,34,8.095
spanner,3,35,8.927
spanner,3,36,8.393
spanner,3,37,7.371
spanner,3,38,6.799
spanner,3,39,7.113
spanner,3,40,7.054
spanner,3,41,7.392
spanner,3,42,7.531
spanner,3,43,7.730
spanner,3,44,7.312
spanner,3,45,9.712
spanner,3,46,10.985
spanner,3,47,10.278
spanner,3,48,10.998
spanner,3,49,12.095
spanner,3,50,11.593
spanner,3,51,12.989
spanner,3,52,9.710
spanner,3,53,11.596
spanner,3,54,11.983
spanner,3,55,9.419
spanner,3,56,8.517
spanner,3,57,9.036
spanner,3,58,8.666
spanner,3,59,10.163
spanner,3,60,10.796
spanner,3,61,12.037
spanner,3,62,11.137
spanner,3,63,10.829
spanner,3,64,12.013
spanner,3,65,11.027
spanner,3,66,11.086
spanner,3,67,11.991
spanner,3,68,11.070
spanner,3,69,10.529
spanner,3,70,11.752
spanner,3,71,12.238
spanner,3,72,10.852
spanner,3,73,12.495
spanner,3,74,12.081
spanner,3,75,16.417
spanner,3,76,12.259
spanner,3,77,11.717
spanner,3,78,12.075
spanner,3,79,12.850
spanner,3,80,10.469
spanner,3,81,8.271
spanner,3,82,9.425
spanner,3,83,12.433
spanner,3,84,11.849
spanner,3,85,9.393
spanner,3,86,10.128
spanner,3,87,12.105
spanner,3,88,12.064
spanner,3,89,12.815
spanner,3,90,9.466
spanner,3,91,7.998
spanner,3,92,7.181
spanner,3,93,7.330
spanner,3,94,7.642
spanner,3,95,10.436
spanner,3,96,12.075
spanner,3,97,10.964
spanner,3,98,8.562
spanner,3,99,10.982
spanner,3,100,12.428
spanner,3,101,13.127
spanner,3,102,10.949
spanner,3,103,12.078
spanner,3,104,11.560
spanner,3,105,12.354
spanner,3,106,12.896
spanner,3,107,13.162
spanner,3,108,10.748
spanner,3,109,12.031
spanner,3,110,12.445
spanner,3,111,13.265
spanner,3,112,12.914
spanner,3,113,12.207
spanner,3,114,12.583
spanner,3,115,12.335
spanner,3,116,8.709
spanner,3,117,8.216
spanner,3,118,10.107
spanner,3,119,9.100
spanner,3,120,10.104
spanner,3,121,11.130
spanner,3,122,9.867
spanner,3,123,7.732
spanner,3,124,7.356
spanner,3,125,5.765
spanner,3,126,5.657
spanner,3,127,5.751
spanner,3,128,5.570
spanner,3,129,6.489
spanner,3,130,7.068
spanner,3,131,7.320
spanner,3,132,8.886
spanner,3,133,11.454
spanner,3,134,8.146
spanner,3,135,7.699
spanner,3,136,7.544
spanner,3,137,7.249
spanner,3,138,8.972
spanner,3,139,10.962
spanner,3,140,9.644
spanner,3,141,8.746
spanner,3,142,6.977
spanner,3,143,9.897
spanner,3,144,10.232
spanner,3,145,10.518
spanner,3,146,9.859
spanner,3,147,9.892
spanner,3,148,10.453
spanner,3,149,8.841
spanner,3,150,6.527
spanner,3,151,6.672
spanner,3,152,7.053
spanner,3,153,6.248
spanner,3,154,6.305
spanner,3,155,6.258
spanner,3,156,6.850
spanner,3,157,6.826
spanner,3,158,6.715
spanner,3,159,7.193
spanner,3,160,6.424
spanner,3,161,6.426
spanner,3,162,6.262
spanner,3,163,7.669
spanner,3,164,9.734
spanner,3,165,9.230
spanner,3,166,9.053
spanner,3,167,9.444
spanner,3,168,7.703
spanner,3,169,8.211
spanner,3,170,7.567
spanner,3,171,8.521
spanner,3,172,8.833
spanner,3,173,8.701
spanner,3,174,7.313
spanner,3,175,7.727
spanner,3,176,9.043
spanner,3,177,10.272
spanner,3,178,9.524
spanner,3,179,9.855
spanner,3,180,9.491
spanner,3,181,9.350
spanner,3,182,9.998
spanner,3,183,10.068
spanner,3,184,11.649
spanner,3,185,9.924
spanner,3,186,9.215
spanner,3,187,10.382
spanner,3,188,10.536
spanner,3,189,10.638
spanner,3,190,10.356
spanner,3,191,10.171
spanner,3,192,10.834
spanner,3,193,9.967
spanner,3,194,8.612
spanner,3,195,6.938
spanner,3,196,6.804
spanner,3,197,9.176
spanner,3,198,10.070
spanner,3,199,9.231
spanner_multi,1,0,45.303
spanner_multi,1,1,22.187
spanner_multi,1,2,11.710
spanner_multi,1,3,11.654
spanner_multi,1,4,7.016
spanner_multi,1,5,7.388
spanner_multi,1,6,8.379
spanner_multi,1,7,9.494
spanner_multi,1,8,7.890
spanner_multi,1,9,9.806
spanner_multi,1,10,9.661
spanner_multi,1,11,10.571
spanner_multi,1,12,8.650
spanner_multi,1,13,10.517
spanner_multi,1,14,10.397
spanner_multi,1,15,10.364
spanner_multi,1,16,9.413
spanner_multi,1,17,10.589
spanner_multi,1,18,11.428
spanner_multi,1,19,11.322
spanner_multi,1,20,11.635
spanner_multi,1,21,9.247
spanner_multi,1,22,9.006
spanner_multi,1,23,8.392
spanner_multi,1,24,8.114
spanner_multi,1,25,8.275
spanner_multi,1,26,8.374
spanner_multi,1,27,10.548
spanner_multi,1,28,9.078
spanner_multi,1,29,8.571
spanner_multi,1,30,9.366
spanner_multi,1,31,8.072
spanner_multi,1,32,8.076
spanner_multi,1,33,8.110
spanner_multi,1,34,7.953
spanner_multi,1,35,9.223
spanner_multi,1,36,9.719
spanner_multi,1,37,10.208
spanner_multi,1,38,8.810
spanner_multi,1,39,8.767
spanner_multi,1,40,10.507
spanner_multi,1,41,9.922
spanner_multi,1,42,8.488
spanner_multi,1,43,7.816
spanner_multi,1,44,8.905
spanner_multi,1,45,7.776
spanner_multi,1,46,10.547
spanner_multi,1,47,11.013
spanner_multi,1,48,9.229
spanner_multi,1,49,9.030
spanner_multi,1,50,8.770
spanner_multi,1,51,9.607
spanner_multi,1,52,9.621
spanner_multi,1,53,8.558
spanner_multi,1,54,8.180
spanner_multi,1,55,9.110
spanner_multi,1,56,8.498
spanner_multi,1,57,9.083
spanner_multi,1,58,8.882
spanner_multi,1,59,8.510
spanner_multi,1,60,7.998
spanner_multi,1,61,7.798
spanner_multi,1,62,8.241
spanner_multi,1,63,8.722
spanner_multi,1,64,11.194
spanner_multi,1,65,12.315
spanner_multi,1,66,12.048
spanner_multi,1,67,13.269
spanner_multi,1,68,14.039
spanner_multi,1,69,15.832
spanner_multi,1,70,13.196
spanner_multi,1,71,13.031
spanner_multi,1,72,13.731
spanner_multi,1,73,13.813
spanner_multi,1,74,13.255
spanner_multi,1,75,12.195
spanner_multi,1,76,13.750
spanner_multi,1,77,15.379
spanner_multi,1,78,15.256
spanner_multi,1,79,15.937
spanner_multi,1,80,11.972
spanner_multi,1,81,12.867
spanner_multi,1,82,15.198
spanner_multi,1,83,13.577
spanner_multi,1,84,13.368
spanner_multi,1,85,13.215
spanner_multi,1,86,13.653
spanner_multi,1,87,14.930
spanner_multi,1,88,13.049
spanner_multi,1,89,10.513
spanner_multi,1,90,10.191
spanner_multi,1,91,9.038
spanner_multi,1,92,10.741
spanner_multi,1,93,12.361
spanner_multi,1,94,11.693
spanner_multi,1,95,9.658
spanner_multi,1,96,9.044
spanner_multi,1,97,9.780
spanner_multi,1,98,9.462
spanner_multi,1,99,8.615
spanner_multi,1,100,11.551
spanner_multi,1,101,15.287
spanner_multi,1,102,12.497
spanner_multi,1,103,13.658
spanner_multi,1,104,10.257
spanner_multi,1,105,9.498
spanner_multi,1,106,9.846
spanner_multi,1,107,9.074
spanner_multi,1,108,8.607
spanner_multi,1,109,11.863
spanner_multi,1,110,15.247
spanner_multi,1,111,15.971
spanner_multi,1,112,16.510
spanner_multi,1,113,16.140
spanner_multi,1,114,15.725
spanner_multi,1,115,16.319
spanner_multi,1,116,14.656
spanner_multi,1,117,11.666
spanner_multi,1,118,9.623
spanner_multi,1,119,9.377
spanner_multi,1,120,10.090
spanner_multi,1,121,9.576
spanner_multi,1,122,9.828
spanner_multi,1,123,13.456
spanner_multi,1,124,12.084
spanner_multi,1,125,11.306
spanner_multi,1,126,11.824
spanner_multi,1,127,11.232
spanner_multi,1,128,13.866
spanner_multi,1,129,14.567
spanner_multi,1,130,14.974
spanner_multi,1,131,14.093
spanner_multi,1,132,13.788
spanner_multi,1,133,8.482
spanner_multi,1,134,7.609
spanner_multi,1,135,8.993
spanner_multi,1,136,11.692
spanner_multi,1,137,12.459
spanner_multi,1,138,12.347
spanner_multi,1,139,12.418
spanner_multi,1,140,11.671
spanner_multi,1,141,12.418
spanner_multi,1,142,13.230
spanner_multi,1,143,13.641
spanner_multi,1,144,12.958
spanner_multi,1,145,12.560
spanner_multi,1,146,9.669
spanner_multi,1,147,11.896
spanner_multi,1,148,11.316
spanner_multi,1,149,15.523
spanner_multi,1,150,16.028
spanner_multi,1,151,12.989
spanner_multi,1,152,13.302
spanner_multi,1,153,10.817
spanner_multi,1,154,11.911
spanner_multi,1,155,12.474
spanner_multi,1,156,12.693
spanner_multi,1,157,12.602
spanner_multi,1,158,14.402
spanner_multi,1,159,9.959
spanner_multi,1,160,8.650
spanner_multi,1,161,9.191
spanner_multi,1,162,9.180
spanner_multi,1,163,9.813
spanner_multi,1,164,11.805
spanner_multi,1,165,11.922
spanner_multi,1,166,13.419
spanner_multi,1,167,11.605
spanner_multi,1,168,6.711
spanner_multi,1,169,6.433
spanner_multi,1,170,8.908
spanner_multi,1,171,10.402
spanner_multi,1,172,13.703
spanner_multi,1,173,13.689
spanner_multi,1,174,8.005
spanner_multi,1,175,7.518
spanner_multi,1,176,7.182
spanner_multi,1,177,6.817
spanner_multi,1,178,7.212
spanner_multi,1,179,6.551
spanner_multi,1,180,6.989
spanner_multi,1,181,6.880
spanner_multi,1,182,6.988
spanner_multi,1,183,7.343
spanner_multi,1,184,7.074
spanner_multi,1,185,6.917
spanner_multi,1,186,7.462
spanner_multi,1,187,6.220
spanner_multi,1,188,6.096
spanner_multi,1,189,8.290
spanner_multi,1,190,9.580
spanner_multi,1,191,9.658
spanner_multi,1,192,8.070
spanner_multi,1,193,8.269
spanner_multi,1,194,8.323
spanner_multi,1,195,8.041
spanner_multi,1,196,7.724
spanner_multi,1,197,7.200
spanner_multi,1,198,8.456
spanner_multi,1,199,7.771
spanner_multi,2,0,20.392
spanner_multi,2,1,15.029
spanner_multi,2,2,11.577
spanner_multi,2,3,8.946
spanner_multi,2,4,7.797
spanner_multi,2,5,9.885
spanner_multi,2,6,10.148
spanner_multi,2,7,10.474
spanner_multi,2,8,7.691
spanner_multi,2,9,7.044
spanner_multi,2,10,8.215
spanner_multi,2,11,9.411
spanner_multi,2,12,9.196
spanner_multi,2,13,8.646
spanner_multi,2,14,7.798
spanner_multi,2,15,8.126
spanner_multi,2,16,8.356
spanner_multi,2,17,7.745
spanner_multi,2,18,7.859
spanner_multi,2,19,8.461
spanner_multi,2,20,9.231
spanner_multi,2,21,9.353
spanner_multi,2,22,10.408
spanner_multi,2,23,10.144
spanner_multi,2,24,8.958
spanner_multi,2,25,9.759
spanner_multi,2,26,11.887
spanner_multi,2,27,9.609
spanner_multi,2,28,8.123
spanner_multi,2,29,9.681
spanner_multi,2,30,9.532
spanner_multi,2,31,8.470
spanner_multi,2,32,7.650
spanner_multi,2,33,6.933
spanner_multi,2,34,8.101
spanner_multi,2,35,6.537
spanner_multi,2,36,7.633
spanner_multi,2,37,7.446
spanner_multi,2,38,7.391
spanner_multi,2,39,9.764
spanner_multi,2,40,10.041
spanner_multi,2,41,10.268
spanner_multi,2,42,9.326
spanner_multi,2,43,11.298
spanner_multi,2,44,11.246
spanner_multi,2,45,9.908
spanner_multi,2,46,12.457
spanner_multi,2,47,12.582
spanner_multi,2,48,12.681
spanner_multi,2,49,10.800
spanner_multi,2,50,11.570
spanner_multi,2,51,9.397
spanner_multi,2,52,9.146
spanner_multi,2,53,8.563
spanner_multi,2,54,10.305
spanner_multi,2,55,11.360
spanner_multi,2,56,12.334
spanner_multi,2,57,11.961
spanner_multi,2,58,10.055
spanner_multi,2,59,8.312
spanner_multi,2,60,7.423
spanner_multi,2,61,7.736
spanner_multi,2,62,8.326
spanner_multi,2,63,9.162
spanner_multi,2,64,13.173
spanner_multi,2,65,13.387
spanner_multi,2,66,12.132
spanner_multi,2,67,8.967
spanner_multi,2,68,9.212
spanner_multi,2,69,9.955
spanner_multi,2,70,8.834
spanner_multi,2,71,9.520
spanner_multi,2,72,9.690
spanner_multi,2,73,8.643
spanner_multi,2,74,10.836
spanner_multi,2,75,10.569
spanner_multi,2,76,12.130
spanner_multi,2,77,13.929
spanner_multi,2,78,12.189
spanner_multi,2,79,10.606
spanner_multi,2,80,8.482
spanner_multi,2,81,8.086
spanner_multi,2,82,9.743
spanner_multi,2,83,9.089
spanner_multi,2,84,8.526
spanner_multi,2,85,9.492
spanner_multi,2,86,8.952
spanner_multi,2,87,9.176
spanner_multi,2,88,9.386
spanner_multi,2,89,9.548
spanner_multi,2,90,9.305
spanner_multi,2,91,9.260
spanner_multi,2,92,9.011
spanner_multi,2,93,10.456
spanner_multi,2,94,9.694
spanner_multi,2,95,8.764
spanner_multi,2,96,8.559
spanner_multi,2,97,8.945
spanner_multi,2,98,10.463
spanner_multi,2,99,11.258
spanner_multi,2,100,12.409
spanner_multi,2,101,12.217
spanner_multi,2,102,11.466
spanner_multi,2,103,13.431
spanner_multi,2,104,13.912
spanner_multi,2,105,11.981
spanner_multi,2,106,11.351
spanner_multi,2,107,14.641
spanner_multi,2,108,14.633
spanner_multi,2,109,14.106
spanner_multi,2,110,10.316
spanner_multi,2,111,11.068
spanner_multi,2,112,10.056
spanner_multi,2,113,9.591
spanner_multi,2,114,8.487
spanner_multi,2,115,8.819
spanner_multi,2,116,10.443
spanner_multi,2,117,12.711
spanner_multi,2,118,14.969
spanner_multi,2,119,14.188
spanner_multi,2,120,15.077
spanner_multi,2,121,9.763
spanner_multi,2,122,10.726
spanner_multi,2,123,12.303
spanner_multi,2,124,14.922
spanner_multi,2,125,16.178
spanner_multi,2,126,16.424
spanner_multi,2,127,13.500
spanner_multi,2,128,12.581
spanner_multi,2,129,14.995
spanner_multi,2,130,14.714
spanner_multi,2,131,15.580
spanner_multi,2,132,13.426
spanner_multi,2,133,14.510
spanner_multi,2,134,10.654
spanner_multi,2,135,9.765
spanner_multi,2,136,10.095
spanner_multi,2,137,10.146
spanner_multi,2,138,9.702
spanner_multi,2,139,10.903
spanner_multi,2,140,14.561
spanner_multi,2,141,13.577
spanner_multi,2,142,13.264
spanner_multi,2,143,15.809
spanner_multi,2,144,13.017
spanner_multi,2,145,13.566
spanner_multi,2,146,17.489
spanner_multi,2,147,12.654
spanner_multi,2,148,12.308
spanner_multi,2,149,12.450
spanner_multi,2,150,9.308
spanner_multi,2,151,8.897
spanner_multi,2,152,8.132
spanner_multi,2,153,7.115
spanner_multi,2,154,9.741
spanner_multi,2,155,9.164
spanner_multi,2,156,7.662
spanner_multi,2,157,7.034
spanner_multi,2,158,6.579
spanner_multi,2,159,7.545
spanner_multi,2,160,7.746
spanner_multi,2,161,7.782
spanner_multi,2,162,8.092
spanner_multi,2,163,8.501
spanner_multi,2,164,8.626
spanner_multi,2,165,11.330
spanner_multi,2,166,8.279
spanner_multi,2,167,8.581
spanner_multi,2,168,9.330
spanner_multi,2,169,7.967
spanner_multi,2,170,8.197
spanner_multi,2,171,8.570
spanner_multi,2,172,9.032
spanner_multi,2,173,10.546
spanner_multi,2,174,13.140
spanner_multi,2,175,11.389
spanner_multi,2,176,9.659
spanner_multi,2,177,11.617
spanner_multi,2,178,13.310
spanner_multi,2,179,12.752
spanner_multi,2,180,12.039
spanner_multi,2,181,13.981
spanner_multi,2,182,10.928
spanner_multi,2,183,11.818
spanner_multi,2,184,13.124
spanner_multi,2,185,15.402
spanner_multi,2,186,15.597
spanner_multi,2,187,13.095
spanner_multi,2,188,12.199
spanner_multi,2,189,13.203
spanner_multi,2,190,15.819
spanner_multi,2,191,14.622
spanner_multi,2,192,12.075
spanner_multi,2,193,9.551
spanner_multi,2,194,8.252
spanner_multi,2,195,7.734
spanner_multi,2,196,10.142
spanner_multi,2,197,8.070
spanner_multi,2,198,8.659
spanner_multi,2,199,8.318
spanner_multi,3,0,24.952
spanner_multi,3,1,9.129
spanner_multi,3,2,7.637
spanner_multi,3,3,9.247
spanner_multi,3,4,10.809
spanner_multi,3,5,10.728
spanner_multi,3,6,12.219
spanner_multi,3,7,13.458
spanner_multi,3,8,9.676
spanner_multi,3,9,8.300
spanner_multi,3,10,7.956
spanner_multi,3,11,8.324
spanner_multi,3,12,9.023
spanner_multi,3,13,11.950
spanner_multi,3,14,11.899
spanner_multi,3,15,8.969
spanner_multi,3,16,10.688
spanner_multi,3,17,9.255
spanner_multi,3,18,11.002
spanner_multi,3,19,11.430
spanner_multi,3,20,10.511
spanner_multi,3,21,11.148
spanner_multi,3,22,11.904
spanner_multi,3,23,10.409
spanner_multi,3,24,8.762
spanner_multi,3,25,9.149
spanner_multi,3,26,8.430
spanner_multi,3,27,9.483
spanner_multi,3,28,9.781
spanner_multi,3,29,9.396
spanner_multi,3,30,9.061
spanner_multi,3,31,11.345
spanner_multi,3,32,13.057
spanner_multi,3,33,12.287
spanner_multi,3,34,12.502
spanner_multi,3,35,11.593
spanner_multi,3,36,11.570
spanner_multi,3,37,11.900
spanner_multi,3,38,13.312
spanner_multi,3,39,12.919
spanner_multi,3,40,11.392
spanner_multi,3,41,11.427
spanner_multi,3,42,12.482
spanner_multi,3,43,12.723
spanner_multi,3,44,12.265
spanner_multi,3,45,12.923
spanner_multi,3,46,13.507
spanner_multi,3,47,12.740
spanner_multi,3,48,9.813
spanner_multi,3,49,12.146
spanner_multi,3,50,12.551
spanner_multi,3,51,14.452
spanner_multi,3,52,12.097
spanner_multi,3,53,11.461
spanner_multi,3,54,10.516
spanner_multi,3,55,10.213
spanner_multi,3,56,10.335
spanner_multi,3,57,10.575
spanner_multi,3,58,12.552
spanner_multi,3,59,14.068
spanner_multi,3,60,13.036
spanner_multi,3,61,14.372
spanner_multi,3,62,13.744
spanner_multi,3,63,13.528
spanner_multi,3,64,12.620
spanner_multi,3,65,13.231
spanner_multi,3,66,12.938
spanner_multi,3,67,10.554
spanner_multi,3,68,8.146
spanner_multi,3,69,10.465
spanner_multi,3,70,12.184
spanner_multi,3,71,14.380
spanner_multi,3,72,14.506
spanner_multi,3,73,12.159
spanner_multi,3,74,12.631
spanner_multi,3,75,10.823
spanner_multi,3,76,11.502
spanner_multi,3,77,14.263
spanner_multi,3,78,13.403
spanner_multi,3,79,10.849
spanner_multi,3,80,12.296
spanner_multi,3,81,13.859
spanner_multi,3,82,13.566
spanner_multi,3,83,16.733
spanner_multi,3,84,16.670
spanner_multi,3,85,15.515
spanner_multi,3,86,12.809
spanner_multi,3,87,15.433
spanner_multi,3,88,15.038
spanner_multi,3,89,15.334
spanner_multi,3,90,15.732
spanner_multi,3,91,15.624
spanner_multi,3,92,14.130
spanner_multi,3,93,14.838
spanner_multi,3,94,12.802
spanner_multi,3,95,13.348
spanner_multi,3,96,14.785
spanner_multi,3,97,11.887
spanner_multi,3,98,9.331
spanner_multi,3,99,7.101
spanner_multi,3,100,6.510
spanner_multi,3,101,7.906
spanner_multi,3,102,9.845
spanner_multi,3,103,8.662
spanner_multi,3,104,9.725
spanner_multi,3,105,12.589
spanner_multi,3,106,10.174
spanner_multi,3,107,11.419
spanner_multi,3,108,25.135
spanner_multi,3,109,7.693
spanner_multi,3,110,6.869
spanner_multi,3,111,6.633
spanner_multi,3,112,7.456
spanner_multi,3,113,8.384
spanner_multi,3,114,10.321
spanner_multi,3,115,14.674
spanner_multi,3,116,8.147
spanner_multi,3,117,8.020
spanner_multi,3,118,7.216
spanner_multi,3,119,7.641
spanner_multi,3,120,7.978
spanner_multi,3,121,8.286
spanner_multi,3,122,8.415
spanner_multi,3,123,8.290
spanner_multi,3,124,7.610
spanner_multi,3,125,10.610
spanner_multi,3,126,9.608
spanner_multi,3,127,8.449
spanner_multi,3,128,9.349
spanner_multi,3,129,12.340
spanner_multi,3,130,9.497
spanner_multi,3,131,10.817
spanner_multi,3,132,9.967
spanner_multi,3,133,11.037
spanner_multi,3,134,9.775
spanner_multi,3,135,10.313
spanner_multi,3,136,10.244
spanner_multi,3,137,9.273
spanner_multi,3,138,9.821
spanner_multi,3,139,10.730
spanner_multi,3,140,11.608
spanner_multi,3,141,12.975
spanner_multi,3,142,9.748
spanner_multi,3,143,11.883
spanner_multi,3,144,10.014
spanner_multi,3,145,9.346
spanner_multi,3,146,11.172
spanner_multi,3,147,11.295
spanner_multi,3,148,10.031
spanner_multi,3,149,10.431
spanner_multi,3,150,9.126
spanner_multi,3,151,11.034
spanner_multi,3,152,13.035
spanner_multi,3,153,12.139
spanner_multi,3,154,9.581
spanner_multi,3,155,12.226
spanner_multi,3,156,12.223
spanner_multi,3,157,9.805
spanner_multi,3,158,8.864
spanner_multi,3,159,8.009
spanner_multi,3,160,7.423
spanner_multi,3,161,7.244
spanner_multi,3,162,7.173
spanner_multi,3,163,7.213
spanner_multi,3,164,7.760
spanner_multi,3,165,7.866
spanner_multi,3,166,8.246
spanner_multi,3,167,8.770
spanner_multi,3,168,8.352
spanner_multi,3,169,8.707
spanner_multi,3,170,12.437
spanner_multi,3,171,10.022
spanner_multi,3,172,9.746
spanner_multi,3,173,11.943
spanner_multi,3,174,14.185
spanner_multi,3,175,9.806
spanner_multi,3,176,7.591
spanner_multi,3,177,7.444
spanner_multi,3,178,8.093
spanner_multi,3,179,7.457
spanner_multi,3,180,7.830
spanner_multi,3,181,7.876
spanner_multi,3,182,9.149
spanner_multi,3,183,8.502
spanner_multi,3,184,7.803
spanner_multi,3,185,7.249
spanner_multi,3,186,7.946
spanner_multi,3,187,7.925
spanner_multi,3,188,8.296
spanner_multi,3,189,8.229
spanner_multi,3,190,9.061
spanner_multi,3,191,8.983
spanner_multi,3,192,8.516
spanner_multi,3,193,8.882
spanner_multi,3,194,7.993
spanner_multi,3,195,8.192
spanner_multi,3,196,7.340
spanner_multi,3,197,7.505
spanner_multi,3,198,9.025
spanner_multi,3,199,12.453
